{
  "MPS": {
    "params": {
      "total": 4247040,
      "no_embed": 2117120
    },
    "best_valid_ppl": 670.3673123695319,
    "test_ppl": 679.7263286769096,
    "train_losses": [
      8.03618028974651,
      6.962096222089149,
      6.67626634502429,
      6.563544274101555,
      6.528577852783899
    ],
    "valid_losses": [
      7.190286882933195,
      6.750694524919664,
      6.579078578948975,
      6.5169574333740785,
      6.507825789580474
    ],
    "inference": {
      "tokens_per_second": 553384.3655651802,
      "ms_per_batch": 7.401727000033134,
      "total_time": 0.7401727000033134
    },
    "memory": {
      "peak_memory_mb": 222.1123046875
    },
    "train_speed": {
      "steps_per_second": 43.335094904744054,
      "ms_per_step": 23.075985000104993,
      "tokens_per_second": 177500.54872983164
    },
    "total_time": 46.070943117141724
  },
  "Transformer": {
    "params": {
      "total": 4238848,
      "no_embed": 2108928
    },
    "best_valid_ppl": 804.9119346248992,
    "test_ppl": 812.9573527720172,
    "train_losses": [
      8.014744933805773,
      7.053357317293128,
      6.835872014152122,
      6.745948730958911,
      6.717865617708933
    ],
    "valid_losses": [
      7.24113607664366,
      6.891153390557917,
      6.7508581316148915,
      6.699287387057468,
      6.690732873452676
    ],
    "inference": {
      "tokens_per_second": 1647583.6311281053,
      "ms_per_batch": 2.4860650000482565,
      "total_time": 0.24860650000482565
    },
    "memory": {
      "peak_memory_mb": 287.03125
    },
    "train_speed": {
      "steps_per_second": 96.61499696686299,
      "ms_per_step": 10.350359999938519,
      "tokens_per_second": 395735.0275762708
    },
    "total_time": 18.073514223098755
  },
  "Hybrid": {
    "params": {
      "total": 4247040,
      "no_embed": 2117120
    },
    "best_valid_ppl": 685.6583823188796,
    "test_ppl": 694.8088617901275,
    "train_losses": [
      8.053354800687817,
      6.972484498349371,
      6.6936530904655696,
      6.583778699299519,
      6.549801503177651
    ],
    "valid_losses": [
      7.198818143208822,
      6.765538615149421,
      6.5983729078963,
      6.539895394471315,
      6.530379518732294
    ],
    "inference": {
      "tokens_per_second": 535615.9079528374,
      "ms_per_batch": 7.647270999950706,
      "total_time": 0.7647270999950706
    },
    "memory": {
      "peak_memory_mb": 286.91796875
    },
    "train_speed": {
      "steps_per_second": 40.63654712861475,
      "ms_per_step": 24.60839000013948,
      "tokens_per_second": 166447.29703880602
    },
    "total_time": 44.14724564552307
  }
}