{
  "MPS": {
    "params": {
      "total": 4247040,
      "no_embed": 2117120
    },
    "best_valid_ppl": 671.9680351680356,
    "test_ppl": 677.8493450716235,
    "train_losses": [
      8.034786912022243,
      6.951488174020825,
      6.670206405572215,
      6.5583195920181785,
      6.523375081372474
    ],
    "valid_losses": [
      7.189143223805471,
      6.751260572725588,
      6.580994645539705,
      6.518954935159769,
      6.510210772677585
    ],
    "inference": {
      "tokens_per_second": 545148.4318329149,
      "ms_per_batch": 7.513550000003306,
      "total_time": 0.7513550000003306
    },
    "memory": {
      "peak_memory_mb": 222.1123046875
    },
    "train_speed": {
      "steps_per_second": 42.696105346820225,
      "ms_per_step": 23.42133999991347,
      "tokens_per_second": 174883.24750057564
    },
    "total_time": 43.45581293106079
  },
  "Transformer": {
    "params": {
      "total": 4238848,
      "no_embed": 2108928
    },
    "best_valid_ppl": 804.8677608140264,
    "test_ppl": 819.9790087516204,
    "train_losses": [
      8.043922578126073,
      7.052709367741562,
      6.838787664186136,
      6.749357753279454,
      6.7202578803655015
    ],
    "valid_losses": [
      7.246538303993844,
      6.891631809440819,
      6.75478262600598,
      6.699035324921479,
      6.690677991643682
    ],
    "inference": {
      "tokens_per_second": 1635929.7460328161,
      "ms_per_batch": 2.5037750000774395,
      "total_time": 0.25037750000774395
    },
    "memory": {
      "peak_memory_mb": 287.03125
    },
    "train_speed": {
      "steps_per_second": 113.46964062299341,
      "ms_per_step": 8.812930000567576,
      "tokens_per_second": 464771.647991781
    },
    "total_time": 17.3794105052948
  },
  "Hybrid": {
    "params": {
      "total": 4247040,
      "no_embed": 2117120
    },
    "best_valid_ppl": 689.5812616987005,
    "test_ppl": 696.7864975743702,
    "train_losses": [
      8.03891795389871,
      6.96488810863542,
      6.695716312823924,
      6.584191301389693,
      6.549621804089991
    ],
    "valid_losses": [
      7.187159687763936,
      6.774577758548496,
      6.606313993264963,
      6.545166073189125,
      6.536084546269597
    ],
    "inference": {
      "tokens_per_second": 567408.8973509385,
      "ms_per_batch": 7.2187799999665,
      "total_time": 0.72187799999665
    },
    "memory": {
      "peak_memory_mb": 286.91796875
    },
    "train_speed": {
      "steps_per_second": 43.51451981636106,
      "ms_per_step": 22.98083499990753,
      "tokens_per_second": 178235.4731678149
    },
    "total_time": 42.152612924575806
  },
  "MERA": {
    "params": {
      "total": 4244736,
      "no_embed": 2114816
    },
    "best_valid_ppl": 782.1262514531002,
    "test_ppl": 793.2937685663102,
    "train_losses": [
      7.970273654149572,
      7.049298414869513,
      6.823090982536834,
      6.738048323432068,
      6.710005141872572
    ],
    "valid_losses": [
      7.213450893195899,
      6.841829257827621,
      6.7155365522917325,
      6.668587859042056,
      6.66201617438514
    ],
    "inference": {
      "tokens_per_second": 753693.4844793526,
      "ms_per_batch": 5.43457000007038,
      "total_time": 0.543457000007038
    },
    "memory": {
      "peak_memory_mb": 286.87548828125
    },
    "train_speed": {
      "steps_per_second": 41.756617380364254,
      "ms_per_step": 23.948299999756273,
      "tokens_per_second": 171035.10478997199
    },
    "total_time": 29.70144271850586
  }
}